,vlp_x,vlp_y,vlp_heading,vlp_heading_change,encoder_heading_change,encoder_heading,encoder_x,encoder_y,rnn_x,rnn_y,rnn_heading,ekf_x,ekf_y,ekf_heading,real_x,real_y,real_heading
0,0,0,0,0,0,0,0,0,0,0,0,0,0,0,0,0,0
1,0.009577682241797447,-0.03430410847067833,164.40028381347656,164.40028381347656,35.13913788986384,35.13913788986384,0.06432231867524711,0.09138864089007881,,,,0.03271115266179445,0.011272809758006402,50.89202634412667,0.061229149056497234,0.0897498550334507,39.5382359513886
2,-0.10659938305616379,0.052539803087711334,-53.22138977050781,142.37832641601562,-133.48377298879038,-98.34463509892657,-0.0462498194208978,0.07516992823022545,,,,-0.09119598079139424,0.037411573526621195,-80.90582496356143,-0.04853250528736973,0.06432049052069158,-91.64079069262891
3,-0.07621457427740097,0.07090767472982407,58.846683502197266,112.06806945800781,105.9954227335384,7.650787634611831,-0.031371283309414126,0.18593036126781837,,,,-0.05306867700094838,0.116344473145192,23.46127863556946,-0.026765768898172733,0.18465843899831386,11.185878553982946
4,-0.031617384403944016,0.16991139948368073,24.249645233154297,-34.5970458984375,0,7.650787634611831,-0.016492747197930452,0.2966907943054113,,,,-0.014774851523597195,0.20308850962541763,21.632554601192695,-0.007544052801696302,0.29483707401983494,11.496228298831369
5,0.010437753982841969,0.3161776065826416,16.04124641418457,-8.208404541015625,39.13041083346935,46.78119846808118,0.06494824326302119,0.37321928204844074,,,,0.0643514467584606,0.2606099136833656,57.75878405470396,0.07727086415806539,0.36853654775596495,52.04740807351051
6,0.06511946767568588,0.1028965413570404,165.6200408935547,149.57879638671875,82.61913837914697,129.40033684722815,0.15130488917226176,0.3022842831353381,,,,0.12512520015466358,0.1631283381523167,140.84314648626906,0.15674977610787652,0.29242079014555133,135.11260019520384
7,0.12354862689971924,0.3503304123878479,13.286460876464844,-152.33358764648438,-128.98931628346367,0.41102056376448104,0.1521065769726536,0.4140366954590393,,,,0.14591789390067372,0.28436371010052175,12.220365352240345,0.16370782581264848,0.40392188039045684,5.413355982674318
8,0.20481929183006287,0.22764940559864044,146.47731018066406,133.19085693359375,115.62598181301851,116.037002376783,0.2525199048110753,0.36498154327387655,,,,0.22965471761592757,0.21692633479275036,127.59667553212142,0.25856770989514366,0.3459724771524365,123.84236865309356
9,0.19015328586101532,0.40046465396881104,-4.850796222686768,-151.32810974121094,-146.88692227052772,-30.849919893744755,0.19521279302693792,0.46092496046576215,,,,0.1961393028130812,0.3350474874147947,-17.656824548431295,0.20819886023255915,0.4453364249378003,-24.934353893570517
10,0.05940255895256996,0.5086514353752136,-50.39469909667969,-45.543914794921875,0,-30.849919893744755,0.13790568124280056,0.5568683776576477,,,,0.15169721112740187,0.4479477111673382,-17.72017088075478,0.15859995698352705,0.5453727172522156,-24.229564495090358
11,0.23197579383850098,0.485370397567749,97.68311309814453,148.07781982421875,101.91403776558775,71.064117871843,0.24361303178603783,0.5931340694975256,,,,0.25815330629153704,0.45938164174770485,83.43951067619422,0.2667054190865275,0.5705999943413977,78.587362220757
12,0.12836520373821259,0.6835321187973022,-27.60321044921875,-125.28631591796875,-110.05744064563987,-38.993322773796876,0.17329327229156863,0.6799924357505,,,,0.20482799334075452,0.5796822879632109,-24.499748901806434,0.2061965699297942,0.662058705977046,-31.95616477179101
13,0.23671486973762512,0.5193852782249451,146.57208251953125,174.17529296875,157.48666194625415,118.49333917245727,0.2715119302378357,0.6266788390351214,,,,0.2831199649686383,0.5052130768240045,133.34202201679028,0.29840825289886547,0.5979222738949961,125.34358226901517
14,0.13369667530059814,0.7474467754364014,-24.309280395507812,-170.88136291503906,-165.26291573482465,-46.76957656236738,0.1900864645304463,0.7032238447365424,,,,0.22025243498046118,0.6197897453932272,-29.785576067023335,0.2234206969433194,0.6798236332325531,-41.766188556473764
15,0.2659933567047119,0.5197281241416931,149.84487915039062,174.15415954589844,175.74184954236085,128.97227297999348,0.27697065957150424,0.6329360007266197,,,,0.28172410815717475,0.5265526494313301,146.13882259547194,0.30270902516526754,0.603837401995561,134.29310556405892
16,0.11663764715194702,0.7400453686714172,-34.13381576538086,176.02130126953125,178.12016329683343,-52.9075637231731,0.1878275396515804,0.7003359156704674,,,,0.21080024939683864,0.6301708787565772,-34.37304717063886,0.2233065461675464,0.6814916905292216,-48.38100172752854
17,0.22169770300388336,0.5454972386360168,151.63002014160156,-174.2361602783203,178.26192985308688,125.35436612991379,0.2789739133019812,0.635670755546353,,,,0.2739853616107336,0.5404014273398378,144.7335384629074,0.30051167892230024,0.6045190352893804,133.30554515502968
18,0.17819251120090485,0.7327980399131775,-13.076471328735352,-164.7064971923828,-166.06875046282732,-40.71438433291354,0.20607720009071814,0.7203779781810888,,,,0.23067230824609244,0.6525862150436609,-20.592527432012513,0.23839474887498652,0.6922654948449655,-34.918799824335906
19,0.2074337601661682,0.5609227418899536,170.3446807861328,-176.57884216308594,-179.05044448386587,140.2351711832206,0.2775601250822245,0.6344743356613767,0.28189734,0.5631118,147.22798,0.26571210394960837,0.5481507072287167,161.55425548871003,0.3061317025624631,0.6040310187682266,144.16583608679707
20,0.3902447521686554,0.6753445267677307,57.95745849609375,-112.38722229003906,-90.81291075777585,49.42226042544473,0.36244095809519583,0.707168823420215,0.3857946,0.63950366,54.683407,0.3716495056050769,0.59107916295897,70.19070104706475,0.39174787111187337,0.6752722289959405,52.15708784890472
21,0.519993007183075,0.6321389079093933,108.41754150390625,50.4600830078125,51.89379880435628,101.31605922980101,0.47202368951371537,0.6852400902522358,0.5002974,0.626472,103.13144,0.46612567098010205,0.5389651517189777,120.85047430172294,0.4971102981162533,0.6529400553951907,104.0327342795166
22,0.512805700302124,0.5258091688156128,-176.13299560546875,75.449462890625,68.5958636485841,169.9119228783851,0.49159895288391514,0.5752125781133023,0.49302986,0.5108373,176.8157,0.44209892219684677,0.44255956136141866,-174.36415152981127,0.5164751372201201,0.5416110997109236,172.41070049543188
23,0.49045994877815247,0.42723914980888367,-167.2269744873047,8.906021118164062,0,169.9119228783851,0.511174216254115,0.46518506597436887,0.48868415,0.4024434,-178.61882,0.42543871117262316,0.3524196891678189,-178.5366091349068,0.5366956622063015,0.4305120294406397,172.53815009757898
24,0.6381952166557312,0.30507364869117737,129.5880889892578,-63.1849365234375,-31.499310397672502,138.4126124807126,0.5853530831729191,0.38159834414525196,0.56739366,0.31979644,147.6743,0.4892180134731013,0.2612877160836145,149.19681971612331,0.6079478576860489,0.346952853252598,141.34418537710945
25,0.5090868473052979,0.3145110607147217,-85.81929779052734,144.59262084960938,130.1866083828147,-91.40077913647269,0.47363119255361713,0.3788663997928625,0.48123404,0.33174318,-79.71016,0.38877257203675863,0.2701301131891592,-77.30179634890189,0.4957217089192877,0.34825347794975536,-87.83244924249419
26,0.3523768186569214,0.3150785267353058,-89.79252624511719,-3.973236083984375,0,-91.40077913647269,0.36190930193431514,0.3761344554404731,0.3673869,0.3373348,-82.368324,0.28325518187136844,0.29403430402758046,-76.700279631185,0.38501711417694845,0.347995912519249,-87.63760391261638
27,0.21694086492061615,0.2950979173183441,-98.39219665527344,-8.59967041015625,0,-91.40077913647269,0.25018741131501315,0.37340251108808364,0.24642837,0.33717182,-84.46408,0.1791903166800465,0.3190988125938222,-77.38244701720248,0.27440997788031196,0.34859081855352725,-87.21916165535805
28,0.2468615472316742,0.41821420192718506,13.659652709960938,112.05184936523438,95.7753482806325,4.374569144159807,0.2587117109095928,0.4848322229243694,0.2525066,0.44681042,11.602833,0.21591369061070476,0.42448280313692904,18.651561445711256,0.28661262543557037,0.4609754151007296,9.24794657761376
29,0.18927106261253357,0.5541181564331055,-22.965225219726562,-36.6248779296875,-26.074760092049928,-21.70019094789012,0.21739020956801042,0.5886675632010471,0.21294713,0.55643535,-14.30181,0.20044555808173084,0.536758939974163,-7.3182171846313775,0.24948693470131156,0.5673435089416524,-17.237149510230097
30,0.36788949370384216,0.5039806962013245,105.67920684814453,128.64443969726562,101.95005844559257,80.24986749770245,0.3275312668771292,0.6075935204641616,0.3339514,0.5667,87.75115,0.31514306156538435,0.5260879317201961,94.77181513669198,0.3604395063331104,0.5799528519631372,85.22498281658807
31,0.49900537729263306,0.6755549907684326,37.38681411743164,-68.29238891601562,-50.431354792148966,29.818512705553488,0.3831020661826171,0.7045529482061044,0.4228654,0.6577425,39.19892,0.401205255081011,0.6139476222699031,46.191833304584904,0.4200564118333,0.674191439544283,34.45637394748766
32,0.4047392010688782,0.5417765378952026,-144.8297882080078,177.7834014892578,136.882281607142,166.7007943126955,0.40880983302951085,0.5957947067379674,0.39894855,0.5461353,176.25208,0.3954533787073058,0.5046664809502508,-177.07871372467616,0.44170791012896476,0.5631622427693885,171.4417277012143
33,0.5665485262870789,0.4992678463459015,104.719482421875,-110.45072937011719,-62.78201619327723,103.91877811941828,0.517283728272057,0.5689124000213753,0.5141221,0.52222574,109.78673,0.49495253350338536,0.4514682709833011,119.71200703412964,0.5452405367816984,0.5318682732058214,108.87629575238437
34,0.5100111365318298,0.38810813426971436,-153.0414581298828,102.23907470703125,82.94043092157654,-173.1407909590052,0.5039367910896417,0.45795698721359707,0.49502996,0.41213053,-164.19789,0.45262349624393916,0.35384169364074364,-158.9743277795054,0.5262438365472597,0.42180122454692587,-168.3838072907251
35,0.6225646138191223,0.2676938474178314,136.9325408935547,-70.0260009765625,-42.43175242083839,144.42745662015642,0.5689485588590527,0.3670575129852386,0.5638009,0.32587034,154.53174,0.4985878591899496,0.25260249887063946,157.7655661833403,0.5861382699334429,0.3273513823178429,149.80813187929945
36,0.531260073184967,0.32512372732162476,-57.83041000366211,165.23704528808594,145.92771324159736,-69.64483013824622,0.4641718928710897,0.40593031360395726,0.4830351,0.37480694,-58.672962,0.41207968777705584,0.3079036509717392,-52.98135197102241,0.4878354996846688,0.3727476650709262,-63.004838597317985
37,0.3452266454696655,0.30577951669692993,-95.93641662597656,-38.10601806640625,-38.77423261666843,-108.41906275491465,0.358141723338571,0.37061958559671876,0.36727133,0.3302642,-102.573296,0.30339745811294944,0.3050595401873646,-92.2029919806724,0.3785347907134282,0.3465782632382856,-101.2910214827869
38,0.2107449471950531,0.29699382185935974,-93.7378158569336,2.1986007690429688,0,-108.41906275491465,0.2521115538060524,0.33530885758948026,0.2481814,0.29818404,-101.15023,0.1940833315219611,0.30112751331717014,-92.61118249628763,0.27060710231297647,0.320383743042855,-101.75614988284639
39,0.2265828251838684,0.3503856062889099,16.522205352783203,110.26002502441406,92.19652915263141,-16.22253360228325,0.2208906182755906,0.44261448441351303,0.21551657,0.404872,-8.776535,0.19330765154075735,0.40937464288112124,0.31165398836210284,0.24980272682836335,0.43058952423970376,-8.201232721388578
40,0.10928819328546524,0.44592973589897156,-50.834938049316406,-67.35714721679688,-21.693746758594045,-37.916280360877295,0.15221594447254705,0.5307792933881906,0.14290257,0.48406857,-31.645823,0.155882248278628,0.5069050532838559,-23.124102117192674,0.19097957011537223,0.5245151750080879,-30.270431515325527
41,0.25051382184028625,0.5474830865859985,54.28062057495117,105.11555480957031,78.60449788705137,40.68821752617407,0.2250739645543211,0.6155197988932892,0.23365644,0.5770474,46.246025,0.2481799508897821,0.569147467050116,55.59173642589047,0.27029644160844696,0.6009796000462989,47.96433196371572
42,0.13795766234397888,0.6824156641960144,-39.83371353149414,-94.11431884765625,-87.34653607349321,-46.65831854731914,0.14379728878941012,0.6922227736732895,0.15941015,0.6612144,-40.184143,0.18559482040139694,0.6672132361378492,-31.38992752372967,0.19801957535236828,0.6850316207634211,-39.644983870793624
43,0.21201160550117493,0.5218471884727478,155.2409210205078,-164.9253692626953,173.16460189757248,126.50628335025334,0.23362525315543564,0.6257383305203844,0.23108515,0.57474464,134.50266,0.2528609520551134,0.5773847841405968,142.48071066903975,0.2780722785087638,0.6085995743723819,134.85193302582377
44,0.11869408935308456,0.7656746506690979,-20.942821502685547,-176.18374633789062,-160.94943219012845,-34.44314883987511,0.17041777800355,0.7179015522979437,0.2010855,0.6469822,-24.606672,0.21014939236965638,0.6936037850389514,-17.248608481710388,0.22120841277042813,0.7054057262693962,-28.525188064121608
45,0.20159682631492615,0.5707480311393738,156.9598388671875,177.9026641845703,170.83666446174064,136.39351562186553,0.24749556728580507,0.6369802401307766,0.2490496,0.582002,139.2484,0.25728443560424535,0.5938400921070177,154.7543548539818,0.2923967507684812,0.616782286868446,142.76765644239063
46,0.41133397817611694,0.6312071084976196,73.9197769165039,-83.04006958007812,-75.62239845462119,60.77111716724434,0.34502172889914484,0.6915503066917087,0.36983794,0.63203937,65.81167,0.36977606313706085,0.6159854600093968,79.56491738759371,0.39077003384547554,0.6628274541656699,67.83141628605858
47,0.5810717940330505,0.631627082824707,89.85823059082031,15.938453674316406,20.237630964519028,81.00874813176337,0.4554037917008221,0.7090158320242715,0.51310843,0.64069116,86.122986,0.48939074441908026,0.5992185331146213,101.18104673173131,0.4987110560240278,0.6688406046320676,89.2838418565006
48,0.4975091218948364,0.531542181968689,-140.14088439941406,130.00088500976562,97.26570677839811,178.27445491016147,0.4587689547264423,0.5973112213705173,0.49149886,0.53433263,-174.61479,0.45442983272650417,0.49583510291531063,-162.3547658938186,0.49362081401125907,0.5566225193515951,-173.57400166062567
49,0.6941770315170288,0.4066140055656433,122.42469024658203,-97.43441772460938,-49.26075352659058,129.0137013835709,0.54560230458727,0.5269605730761133,0.58371675,0.45707786,135.10272,0.5261131904631119,0.3966199921227323,149.46745042803963,0.5721477378577752,0.47763584052764213,136.88757286763058
50,0.5090917944908142,0.3658565580844879,-102.4188461303711,135.15646362304688,110.1272644922937,-120.8590341241354,0.44966800464229034,0.469638199978321,0.5015855,0.41502947,-109.62685,0.4204320311970737,0.37858496075635745,-102.11197820332923,0.47295460604138584,0.430610670692408,-112.31609065087264
51,0.5653102993965149,0.27258676290512085,148.92047119140625,-108.66067504882812,-97.71370032188037,141.42726555398423,0.5193482783126147,0.38226598571815396,0.5591793,0.31046683,153.45367,0.46323680021102964,0.2747095500532183,159.40875999858162,0.5329435738306431,0.33795643545646625,147.88157599407637
52,0.4285317063331604,0.2903197407722473,-82.61296081542969,128.46656799316406,123.35137417793786,-95.22136026807789,0.40805671444853153,0.37209582464850804,0.46124104,0.31230897,-84.31352,0.35797063634274795,0.2973393939837721,-76.94734144577896,0.4234051320786246,0.3373653430036461,-87.73752396930962
53,0.26948025822639465,0.3023814260959625,-85.66326904296875,-3.05029296875,0,-95.22136026807789,0.2967651505844484,0.36192566357886213,0.3320938,0.31280717,-86.14743,0.2513935393075014,0.3219803412813409,-77.37016673524901,0.3120326220665963,0.3363060286323233,-87.94970060370969
54,0.2579749524593353,0.4027318060398102,-6.54047966003418,79.12278747558594,73.74163365594852,-21.479726612129355,0.25584349474120316,0.46591923283457537,0.28161457,0.42650735,-13.786633,0.24491502442677648,0.4315761211251692,-3.462657324930668,0.2812576921571736,0.4438378620122581,-13.583706574082498
55,0.19838450849056244,0.4970487058162689,-32.28514099121094,-25.744659423828125,0,-21.479726612129355,0.21492183889795793,0.5699128020902886,0.22619903,0.5255351,-17.012142,0.23917687182292738,0.53861417215412,-4.669397506548494,0.2514830391009934,0.5520614668325389,-13.282916707824597
56,0.271381676197052,0.6281970143318176,29.100318908691406,61.385459899902344,33.942543759337106,12.462817147207751,0.23903929923205636,0.6790347177192264,0.2616863,0.64252603,18.01605,0.29317882820787294,0.6347099090027287,28.902287516480115,0.2883500694912369,0.6570717834399982,20.9209375532061
57,0.44994115829467773,0.607381284236908,96.6492919921875,67.5489730834961,62.23116815116185,74.6939852983696,0.3468305949208895,0.7085352420741997,0.38788942,0.65746695,82.77815,0.40738650654222225,0.6311062921842051,91.31714515154052,0.39800414653516974,0.6729019459475948,83.08995961147775
58,0.589077889919281,0.6606125235557556,69.06403350830078,-27.58526611328125,0,74.6939852983696,0.4546218906097227,0.738035766429173,0.519036,0.6759063,81.30822,0.5245948939653771,0.632064201319397,92.20334137863655,0.5058542209106465,0.6898474656962421,83.27257558970389
59,0.47832781076431274,0.5621397495269775,-131.64169311523438,159.29428100585938,118.72081348609996,-166.58520121553045,0.4286947586378521,0.629329611170103,0.4795851,0.5778136,-157.89676,0.4679277448434172,0.5377535257582918,-148.83313667582044,0.46563721656153867,0.5865445067075565,-157.72387734270634
60,0.5412507057189941,0.48597052693367004,140.4401092529297,-87.918212890625,-60.59508027187826,132.8197185125913,0.5106668140639232,0.5533702372079582,0.5354717,0.4972459,143.11671,0.5213355264999476,0.4440307694317927,149.47944216189887,0.5391835811763169,0.5007710188931875,141.49066064305072
61,0.5562383532524109,0.33632534742355347,174.2806396484375,33.84053039550781,40.495884395731764,173.31560290832306,0.5236751597929414,0.4423746188039412,0.5534018,0.37834817,177.73877,0.5034925924775552,0.3356225923103282,-170.7692859755154,0.5377641503067543,0.38995890537014155,-177.5587002440503
62,0.40043580532073975,0.3735303282737732,-76.56952667236328,109.14984130859375,87.79227186703372,-98.89212522464322,0.4132630453377915,0.42510009001040516,0.4353739,0.36843348,-91.75112,0.3926840852232879,0.35020721023071794,-82.74182227579523,0.4283356629330285,0.3870226753926088,-88.6335915326872
63,0.27495187520980835,0.30998265743255615,-116.85859680175781,-40.2890625,-36.99066329343117,-135.8827885180744,0.335467005755544,0.34486904496664916,0.3379745,0.2900845,-128.88715,0.2938092363211613,0.29463856449236425,-119.29522041013966,0.3388503298790942,0.31916786929755125,-126.65909237309535
64,0.20787672698497772,0.15442560613155365,-156.67462158203125,-39.8160400390625,0,-135.8827885180744,0.2576709661732965,0.26463799992289316,0.24975836,0.21128003,-129.30304,0.19614820875308256,0.23434862241361792,-119.09146682590566,0.2499034617782656,0.25139916212229824,-126.52263585589424
65,0.2884679138660431,0.2881443500518799,31.077022552490234,-172.24835205078125,154.13648912083934,18.25370060276495,0.29267553238428584,0.37076963850383793,0.29356557,0.3182609,24.225914,0.25981954936455315,0.3225613588510931,35.972213513786016,0.3030985134835862,0.34697131328671377,29.79689844252877
66,0.10352177917957306,0.2754322588443756,-93.9319839477539,-125.00900268554688,-121.8352529499054,-103.58155234714047,0.1840452957031883,0.3445262385315676,0.17707136,0.29518276,-98.54623,0.14478771162918289,0.3271418510908508,-85.60445884496896,0.19221206425130655,0.3353255835316169,-94.20688267985855
67,0.2837677001953125,0.27061131596565247,91.53208923339844,-174.53591918945312,177.23243790609803,73.65088555895755,0.2912816857880417,0.37598416289197306,0.27891666,0.31616703,78.76215,0.2566843512852122,0.32049750019376955,92.55627606595431,0.29874819480606984,0.35256468473761127,84.01480165085634
68,0.08871325105428696,0.2934039831161499,-83.33504486083984,-174.86712646484375,-170.19847997480966,-96.54759441585213,0.1802553243319255,0.36324087346923506,0.15841994,0.30357003,-88.8034,0.14374843418558983,0.3415668435577824,-77.57277069434825,0.19280422612371517,0.3498145197493608,-88.16195980969474
69,0.2845471501350403,0.20266440510749817,114.86063385009766,-161.8043212890625,176.570472838735,80.02287842288285,0.290320538407642,0.3826030276356116,0.264714,0.3029917,79.62942,0.25427437859089047,0.31731730409616804,100.88172900664254,0.3025718852704241,0.3556086532955041,89.55286684929274
70,0.10592732578516006,0.3724735975265503,-46.448516845703125,-161.30914306640625,-159.24663140264533,-79.22375297976248,0.18053607197880417,0.403498369088462,0.1569064,0.3375021,-54.602764,0.1559831926996544,0.3756681048865896,-58.269371186507996,0.20074295038265239,0.38467520300003966,-71.38695875965902
71,0.2710229158401489,0.28967714309692383,116.63404083251953,163.08255004882812,178.10725408209018,98.8835011023277,0.29095078533368346,0.38624045964798615,0.26031265,0.32412893,98.48548,0.25376888283494503,0.3185361840986371,120.24581682125091,0.3035530486579777,0.35788034563742704,107.3293738876957
72,0.23711226880550385,0.43436315655708313,-13.190559387207031,-129.82460021972656,-128.3674579940702,-29.483956891742537,0.23594708599547465,0.4835227161113709,0.2327944,0.4296757,-21.655653,0.23792662788654287,0.4294606792503463,-8.076772835421608,0.2589312743773475,0.4594352895204007,-22.35506445182432
73,0.19830887019634247,0.5095664858818054,-27.292818069458008,-14.102264404296875,0,-29.483956891742537,0.18094338665726584,0.5808049725747556,0.18926647,0.52877426,-24.063805,0.22182078615072415,0.5348511956483348,-9.364399093608373,0.21490704608261807,0.5589119740531339,-22.660114258905594
74,0.17179034650325775,0.6721565127372742,-9.263406753540039,18.02941131591797,29.173131356413613,-0.3108255353289451,0.1803371251300198,0.6925586159625952,0.19342424,0.65589464,1.5779345,0.25561441582257327,0.6383009608748946,18.975019135487038,0.22226613515359622,0.6708916413951703,5.775264362494681
75,0.2908566892147064,0.5792156457901001,127.97489929199219,137.23831176757812,107.06218278986908,106.75135725454014,0.28735002521990005,0.6603486240680116,0.2992829,0.6266946,108.920204,0.3442923799292418,0.5743571936057668,126.6562380111581,0.322921989063188,0.6288031738587838,113.65714176169094
76,0.4355235695838928,0.6987494230270386,50.43412399291992,-77.540771484375,-47.79634961619911,58.95500763834103,0.3830977756657685,0.7179820574903882,0.3953406,0.68931645,61.093636,0.45244507888620406,0.6008396264302442,78.3692633389759,0.42273598917677946,0.6748496501072175,67.41677595706624
77,0.47607550024986267,0.5674945712089539,162.83116149902344,112.39703369140625,76.39714418910191,135.35215182744292,0.4616335166413267,0.6384749398661411,0.47979638,0.5933346,141.76497,0.4974858232819111,0.5032134311787764,154.1816797909421,0.49252452831592686,0.5877526052573564,143.30760548235048
78,0.5380101203918457,0.6898501515388489,26.847871780395508,-135.98329162597656,-114.1851271681127,21.167024659330224,0.5019870023691594,0.7426902964749895,0.5265102,0.7015891,22.161983,0.5661004124727778,0.5931774727551302,39.30705835957478,0.54397315545775,0.6848425659284577,28.79338895107719
79,0.5408903956413269,0.569976806640625,178.6235809326172,151.7757110595703,153.153567602803,174.32059226213323,0.5130465423087058,0.6314835928109505,0.526312,0.59844404,174.55675,0.5462230000766977,0.48860310501810417,-166.29349456221263,0.5421058621873165,0.5724239054988163,-177.68435384812068
80,0.570313036441803,0.4238375425338745,168.61663818359375,-10.0069580078125,0,174.32059226213323,0.5241060822482523,0.5202768891469114,0.5490098,0.47644764,175.24203,0.5206769801525587,0.3852197608565388,-167.48543647306533,0.5420634654084797,0.4606397538762411,-177.6264221700904
81,0.44410136342048645,0.3467857837677002,-121.40390014648438,69.97946166992188,24.669883013407684,-161.00952472445908,0.48773968573327775,0.41460414162887116,0.5047612,0.36258858,-157.46346,0.4530716315465301,0.2988144804914638,-142.7100633281199,0.49386964218625456,0.3604356584904799,-152.7513126548495
82,0.6190736889839172,0.3376385271549225,92.99259948730469,-145.60350036621094,-116.11096579050107,82.87950948503988,0.5986330800639436,0.42845691959284926,0.5718886,0.39748108,81.56368,0.5634066330805969,0.2843057706548522,99.99288207562768,0.6022404301509174,0.3612098474875884,92.28250991877921
83,0.49063658714294434,0.2929152846336365,-109.19869232177734,157.8087158203125,145.0185511730337,-132.10193934192642,0.5157158924326701,0.3535303931898722,0.49595374,0.30919272,-130.46867,0.4639203912705352,0.23983018406356937,-114.68128246148052,0.5104106099611411,0.29928211321598625,-122.23488908819519
84,0.38535597920417786,0.23994174599647522,-116.70995330810547,-7.511260986328125,0,-132.10193934192642,0.43279870480139665,0.2786038667868952,0.4108048,0.22776298,-129.57063,0.3638822441717479,0.19659950023491418,-114.80712607045763,0.418419109639019,0.23817258630311078,-122.31283345395778
85,0.286471962928772,0.2264217883348465,-97.78551483154297,18.9244384765625,41.10421903364261,-90.99772030828382,0.3210603603040317,0.2766579139395693,0.29068097,0.22888097,-88.280846,0.25879513692830797,0.2284659078360121,-73.88142909577226,0.30901960750518387,0.25132218181410293,-80.34310872364534
86,0.21035121381282806,0.33331969380378723,-35.4542236328125,62.33129119873047,43.431330226571795,-47.56639008171203,0.23857828995484873,0.3520631686265489,0.21146297,0.33345288,-40.12237,0.20254843954920354,0.32534095684257713,-30.39545525750993,0.23941338185044397,0.33786775742527386,-36.425570564630334
87,0.19857598841190338,0.40737098455429077,-9.035209655761719,26.41901397705078,33.79717989930015,-13.769210182411882,0.21197924051136877,0.46060686919087984,0.19350174,0.44172275,-7.3963723,0.20909595046114857,0.4347765735719332,3.1204971723222137,0.22848705459538732,0.4525253624128237,-2.3029665995027244
88,0.15274354815483093,0.5532627701759338,-17.4403018951416,-8.40509033203125,0,-13.769210182411882,0.1853801910678888,0.5691505697552108,0.17087427,0.55325145,-8.649553,0.21211093051813767,0.545894081181186,2.8588314076117545,0.2218036065341007,0.5627710167948994,-1.3917618428230867
89,0.3179483115673065,0.5723907947540283,83.3954849243164,100.83578491210938,53.06532917322911,39.29611899081723,0.25615799475499257,0.6556360995779831,0.27243197,0.6341283,44.908405,0.30532736589596865,0.60642271415148,55.98742808390933,0.30637921706205656,0.633714247557174,51.846325622978526
90,0.1098954826593399,0.5677928328514099,-91.26602172851562,-174.6614990234375,-150.2315235253548,-110.93540453453755,0.15178035980745802,0.6157042365328528,0.17139044,0.607173,-105.81481,0.18885743128512827,0.5967054025303823,-94.09736729693823,0.20091089117986555,0.6098154818548377,-99.19052456693953
91,0.2858169674873352,0.650644838809967,64.78143310546875,156.04745483398438,150.78751996161478,39.85211542707722,0.22339407073437312,0.7014988795519368,0.26470318,0.67798173,47.989433,0.28245386511817877,0.6576456630576207,56.71705190741683,0.28333748514543033,0.6812561149561119,51.8676395283521
92,0.06913489103317261,0.6181175708770752,-98.53721618652344,-163.3186492919922,-173.64953491164283,-133.7974194845656,0.1427300650059808,0.6241518528259811,0.17412351,0.6150211,-125.620224,0.1735772091003228,0.6111732793658535,-115.20160589170698,0.19457108085543512,0.6166775424630646,-119.88417868968963
93,0.27651163935661316,0.631544291973114,86.29551696777344,-175.16726684570312,-173.13653792812943,53.06604258730499,0.23205927036788848,0.6913049423521224,0.2791114,0.6586505,61.86994,0.27953554718764906,0.6455841634199287,71.76742059425769,0.29140990932520183,0.6665384140785092,66.16299511655173
94,0.06411951035261154,0.6223591566085815,-92.47627258300781,-178.77178955078125,176.4051405910334,-130.52881682166162,0.14711639716309477,0.6186829576972662,0.17571141,0.60954726,-130.23581,0.1674301539221807,0.6072269906758953,-110.1653837975876,0.1972320978306309,0.6123450668421315,-116.9166972640219
95,0.2595982849597931,0.6559444069862366,80.25117492675781,172.72744750976562,-177.37448141876195,52.09670175957643,0.23529676423330842,0.6873376532894704,0.26865396,0.669018,55.57994,0.27309490800193476,0.6413555759285876,72.12156067827965,0.2937195965841497,0.6654461108047609,63.350252947411576
96,0.4319893419742584,0.7318601012229919,66.2327880859375,-14.01837158203125,0,52.09670175957643,0.32347713130352207,0.7559923488816745,0.36764044,0.7275714,64.440216,0.38365853986523235,0.6802634807238169,72.86860137753534,0.3918119785155721,0.7172433057192941,63.1261133824747
97,0.467803031206131,0.6170481443405151,162.67555236816406,96.44276428222656,69.78881148547967,121.8855132450561,0.41836913535797127,0.696960561427573,0.45255628,0.62625235,141.46425,0.45136117560812805,0.5927331071278591,142.3130617769212,0.471929270253069,0.6444108620496567,134.4225533388176
98,0.6263680458068848,0.7172175645828247,57.718387603759766,-104.95716857910156,-76.71064415367607,45.17486909138003,0.4976328700412901,0.77574193440081,0.56789047,0.7097209,55.968315,0.563650308458434,0.6445910126960203,67.0921674857906,0.5640920063855267,0.7066838428911442,57.422987480180424
99,0.47590354084968567,0.6398912668228149,-117.19940948486328,-174.9178009033203,165.1449167639596,-149.68021414466037,0.441215923183076,0.6792723927273197,0.4970341,0.63704365,-145.73216,0.4780844576715811,0.5790824530513919,-126.44163156155415,0.49509197788250986,0.6227757726552454,-136.82684446923275
100,0.5640446543693542,0.5051655769348145,146.8062286376953,-95.99435424804688,-72.7804664041688,137.53931945117083,0.5166601398907846,0.5968259584268835,0.5549871,0.5391018,151.18962,0.5157526405502774,0.4769093314595004,159.8046088142723,0.5524723393520016,0.5290492790817264,150.1202989840031
101,0.5118709206581116,0.3952179551124573,-154.61412048339844,58.57965087890625,40.00153547829632,177.54085492946714,0.5214552242469593,0.48517358930955123,0.5342571,0.42916334,-173.99013,0.47869292463642926,0.37573349464142314,-161.0744817318297,0.5353123178736057,0.41995563118387036,-170.28962478260308
102,0.6187915205955505,0.27619773149490356,138.0653839111328,-67.32049560546875,-38.960068068117835,138.5807868613493,0.5953884285120377,0.4013694982960808,0.588891,0.31751415,154.405,0.5219093558993201,0.27270714972860194,159.3902893004581,0.5953567487178175,0.32229172903863373,150.8479724638156
103,0.4853450655937195,0.3445788323879242,-62.86833190917969,159.0662841796875,139.55020805082495,-81.86900508782571,0.4847565841047231,0.4171758061044076,0.48692918,0.36083484,-66.14323,0.4273020751944924,0.324886405908666,-60.04011092521502,0.49229408314178974,0.3586651560351194,-68.72981903043546
104,0.5738319158554077,0.2515602707862854,136.4302215576172,-160.70144653320312,-159.57409270428406,118.55690220789023,0.5829160363580831,0.3637532799865219,0.56203234,0.2746885,134.2336,0.5017534700041196,0.24175617790117354,139.60135564585073,0.575482534338281,0.28958871550727494,131.41317758745217
105,0.48024117946624756,0.258440762758255,-85.79534912109375,137.77442932128906,139.01425881041425,-102.42883898169555,0.47377983751999586,0.33970053655319793,0.46810836,0.268934,-83.0293,0.3953451814270641,0.2559827277130594,-80.65524886390513,0.46491579119526205,0.2880386743799851,-88.51213323451418
106,0.32079705595970154,0.2474118173122406,-93.9569091796875,-8.16156005859375,0,-102.42883898169555,0.36464363868190863,0.31564779311987395,0.34699532,0.26083767,-85.816696,0.28897672019409937,0.2736006356010747,-81.37780217151887,0.3554499785047862,0.28606343515035726,-87.87895136150445
107,0.2190834879875183,0.30690696835517883,-59.67542266845703,34.28148651123047,22.38715430970467,-80.04168467199088,0.25457207527669234,0.33497381943226634,0.23545298,0.31654686,-63.313427,0.19671807709383773,0.3299865843419296,-59.522440905403506,0.2521832311934735,0.32594314608067004,-65.84681868479265
108,0.18676021695137024,0.40979325771331787,-17.440893173217773,42.234527587890625,56.57203962296462,-23.46964504902627,0.21006406116548126,0.43748372648213185,0.19889359,0.4289137,-10.403062,0.19157376736622386,0.43939118551186285,-3.181473783242305,0.23048974526170124,0.4346153582055725,-7.581921608304128
109,0.2205544114112854,0.4940652549266815,21.851442337036133,39.292335510253906,21.548579547849464,-1.9210655011768267,0.20631772928957845,0.5491762032250684,0.21359995,0.5349534,10.513914,0.2272166341068162,0.5416868527563548,18.154442374427262,0.25257713075664245,0.544629127485531,14.271195698327347
110,0.1595812886953354,0.6464202404022217,-21.811500549316406,-43.662933349609375,-30.103528535116652,-32.02459403629348,0.14705577344638326,0.6439246330439051,0.17392415,0.6479519,-17.742847,0.20223217403463903,0.6498140773746112,-12.34914017114115,0.21791506006868838,0.6507263724570729,-16.263543748675716
111,0.318477600812912,0.5616518259048462,118.07913970947266,139.89064025878906,115.50381082055652,83.47921678426304,0.2580880858887248,0.6566159669849092,0.29720914,0.63435966,97.0599,0.3121668221142176,0.6199713232559702,103.19140904328984,0.3258690475592744,0.6365574368655712,98.82263241590165
112,0.4239310622215271,0.7100170850753784,35.4040412902832,-82.67510986328125,-43.45041995928699,40.028796824976055,0.3299660184567782,0.7421893692384026,0.3868897,0.702688,55.159935,0.40982575345032535,0.6795865574884199,60.07140029951937,0.4178637317466996,0.701482368943454,54.41633427306327
113,0.5060685873031616,0.574981689453125,148.68923950195312,113.28520202636719,92.25020648227569,132.27900330725174,0.41265126138710884,0.6670069579639027,0.47149667,0.6030153,147.89503,0.4639889203544481,0.5798944175465189,152.16490131729842,0.4802156062005408,0.6115058387650646,146.5972233152684
114,0.5390655398368835,0.44108322262763977,166.15628051757812,17.467041015625,24.983648707156192,157.26265201440793,0.45584549734562296,0.5639365822807996,0.5093808,0.4885304,171.6053,0.4731665010940225,0.46633832722036483,176.91008301145123,0.5036712572764679,0.500943121289417,171.5045525949587
115,0.49506452679634094,0.3589104115962982,-151.8323211669922,42.01141357421875,0,157.26265201440793,0.4990397333041371,0.4608662065976964,0.5197525,0.36814326,173.7086,0.47960898983356154,0.35554843656602986,176.66935302808628,0.5259039066039265,0.3893028200641268,171.38851372229138
116,0.6948198676109314,0.30704089999198914,104.55624389648438,-103.6114501953125,-59.00779230008766,98.25485971432028,0.6096371483694589,0.44482076661106,0.6095578,0.32777566,111.67566,0.5882505655455756,0.2996618632746637,118.73175859717115,0.6265870982884426,0.35375867928654897,111.3793474823506
117,0.4764736294746399,0.362886905670166,-75.65313720703125,179.79061889648438,158.16107863939754,-103.58406164628218,0.5010080611362018,0.41857260914495903,0.50824225,0.34206438,-86.80077,0.4768836705970906,0.3158360013390943,-82.86050588820233,0.5160340993849559,0.3519767732737349,-88.87140942363169
118,0.6568344831466675,0.23202034831047058,125.96395874023438,-158.38290405273438,-143.38075713175226,113.03518122196556,0.6038525142951584,0.374843181776984,0.6048389,0.26355112,132.3491,0.563756593301784,0.2358578642768683,134.0736377253712,0.6076124426759426,0.28801446111277795,126.50252134974608
119,0.5208836793899536,0.31458234786987305,-58.72997283935547,175.30606079101562,168.86401083087674,-78.1008079471577,0.4944986360505424,0.3978860478391197,0.5233995,0.3097452,-59.892105,0.4725368364328953,0.29561690183531086,-56.057157226593404,0.5068279398739889,0.33300083709419814,-64.18952963818413
120,0.3862925171852112,0.25467154383659363,-113.99536895751953,-55.265380859375,-36.21361193381267,-114.31441988097038,0.3926560779742487,0.35187150961506963,0.39947966,0.2849757,-98.306694,0.36399908720062746,0.2898455888943259,-93.14447637012509,0.39912773315077055,0.30954059342345003,-100.18981627020855
121,0.26825258135795593,0.30891144275665283,-65.32099914550781,48.67436981201172,33.94492057533323,-80.36949930563713,0.2824757439691211,0.37056745468383673,0.2876575,0.32865882,-64.3272,0.27041720593075114,0.34504089183341946,-59.933012847231055,0.29534361673693366,0.35010967643869934,-66.09302164593288
122,0.2251313179731369,0.4190857410430908,-21.374942779541016,43.9460563659668,53.37291417945792,-26.996585126179184,0.23174583980791438,0.4701451689942717,0.24265075,0.43709528,-15.463133,0.2583772242063983,0.4530534644994606,-7.428142849159987,0.26578850966483136,0.4586522019158766,-12.761823181112277
123,0.1906655877828598,0.5451169610023499,-15.294709205627441,6.080233573913574,0,-26.996585126179184,0.18101593564670765,0.5697228833047067,0.2071831,0.5492731,-14.070987,0.2429414540612048,0.5612500191659562,-8.117786778364911,0.23810309045460465,0.5662059172461255,-12.27105630968299
124,0.29828110337257385,0.618834376335144,55.58856964111328,70.8832778930664,23.681079573851306,-3.3155055523278634,0.17455265808443274,0.6812911153721228,0.24689913,0.6595796,10.118178,0.2754606072229702,0.6640858313862514,15.297171021584415,0.2582684299710355,0.6752744882816691,12.03063504868311
125,0.05145041272044182,0.5798184275627136,-98.9822998046875,-154.57086181640625,-143.70542171510905,-147.02092726743692,0.1137206033567086,0.5875430194922651,0.16730994,0.5855775,-134.26079,0.17445945077597214,0.6007912981120839,-126.18243882737868,0.17953508072454857,0.5944535142660198,-133.9539016331492
126,0.19799171388149261,0.6976298689842224,51.20256042480469,150.1848602294922,173.33028245998554,26.309355192548622,0.16325250960784055,0.6877220323972888,0.21316347,0.67620236,39.85899,0.253419439852983,0.6773305097016689,46.545857052092785,0.24974484631679358,0.6812406943790521,40.329244269352415
127,0.2541950047016144,0.48991748690605164,164.85934448242188,113.65678405761719,125.76367505214154,152.07303024469016,0.2155926249031147,0.5889811761402498,0.25036567,0.5632006,162.27846,0.26877828987914026,0.5615213413964582,172.26043139030236,0.27770479228097894,0.5720982211045826,166.2069478386393
128,0.1516963690519333,0.7319841384887695,-22.94932746887207,172.1913299560547,173.57822617627107,-34.348743579038796,0.15253709122206574,0.681248418624752,0.20817149,0.6551286,-25.14263,0.23561677166268688,0.6764166063355961,-13.698754094222808,0.24070666705642177,0.6767686132163042,-18.142384505166547
129,0.17710880935192108,0.4942125678062439,173.89952087402344,-163.15115356445312,178.37131242318924,144.02256884415044,0.21818958287786094,0.5908106239652096,0.22151786,0.5709404,159.34544,0.26154393422944594,0.5653463449953359,166.06907434352001,0.2787136041010899,0.5707751469673292,160.90944119690604
130,0.24872788786888123,0.698043942451477,19.359657287597656,-154.53985595703125,-162.87712972090736,-18.85456087675692,0.1820739604519822,0.6965693407704318,0.25319844,0.67092985,-6.6796284,0.26665659698556415,0.6783331775251698,3.0941177005884692,0.2698368658674156,0.6814082783891857,-3.136273938328088
131,0.16652995347976685,0.5381339192390442,-152.795654296875,-172.15530395507812,-167.78954200410033,173.35589711914275,0.19500424345404474,0.5855646014797943,0.22523034,0.55171007,-178.10252,0.2337576442875806,0.5692540280444873,-163.53205605369834,0.25998762660104524,0.5709231017408999,-172.4833711561596
132,0.21925656497478485,0.7244450449943542,15.80167293548584,168.59732055664062,175.72094173209936,-10.923161148757913,0.17382746877945138,0.6952951285808582,0.25257826,0.6797205,0.27892777,0.25535799575800155,0.6812490993100752,11.932829940665979,0.26619356146069506,0.6825113118736645,4.067556265688012
133,0.1501142829656601,0.5177311897277832,-161.5057830810547,-177.3074493408203,173.75987164345264,162.83671049469473,0.20680599875436265,0.5885165683536773,0.22913003,0.5637293,176.78786,0.24049057836335508,0.567256503163204,-172.73254358596955,0.2681334296257616,0.571478870407141,179.74318746282657
134,0.24162507057189941,0.7069016695022583,25.815271377563477,-172.67893981933594,-172.03859342568578,-9.201882930991019,0.18893480520235992,0.6988336785611273,0.2717263,0.68507034,-1.5680753,0.2684389092597746,0.6765293518095306,14.790622003987487,0.27895457503586296,0.6814224362422163,6.829513153331391
135,0.15944959223270416,0.5262162685394287,-155.54400634765625,178.64071655273438,179.20400023338343,170.0021173023924,0.20833684021706309,0.5887754875856981,0.22886437,0.55525535,-173.51622,0.2382884067547086,0.5655675312045508,-164.62774373067327,0.26745120751556006,0.568666442394247,-172.51412265505692
136,0.26464712619781494,0.6980279684066772,31.47846221923828,-172.9775390625,179.49643463188343,-10.501448065724162,0.1879682794615837,0.6986589080650687,0.2925608,0.6555349,-7.7915835,0.2667777097946298,0.6750426229321154,14.918989452050033,0.2827670045070508,0.6765649873272531,10.745519190952052
137,0.1425982266664505,0.5258473753929138,-144.66937255859375,-176.1478271484375,-171.98990362342943,177.5086483108464,0.19282612414159112,0.587009251959191,0.22601628,0.56075907,-164.33778,0.2199719380809925,0.5692494471741093,-155.7501021827732,0.2527288305963663,0.5682112191894986,-163.2780510729331
138,0.2945578992366791,0.6409935355186462,52.84727478027344,-162.4833526611328,176.37657638225946,-6.114775306894103,0.18092189662936375,0.6981287089900501,0.29088163,0.6641256,10.234049,0.2608622217322321,0.6732910738615397,21.729256373326695,0.2780020341104078,0.6770233058077397,13.403341118466074
139,0.11205141246318817,0.5645274519920349,-112.73258209228516,-165.57986450195312,-154.4437864173513,-160.5585617242454,0.14372490721734418,0.5927454639167562,0.2085625,0.56477183,-133.49356,0.17549265696399635,0.5957602225057534,-131.79080654947012,0.21271182488106147,0.5853510220814829,-142.89700671699046
140,0.2533628046512604,0.6779776215553284,51.241172790527344,163.9737548828125,170.15608468292112,9.597522958675711,0.16235743269051725,0.7029365404973368,0.26089823,0.6727223,32.100544,0.2451728798763321,0.6833851648168145,38.59448495709138,0.26388326940999235,0.684748330352979,28.246963098502704
141,0.09238292276859283,0.5787137746810913,-121.6589126586914,-172.90008544921875,171.29706312688256,-179.10541391444173,0.16061261545581668,0.5911948742473953,0.19590858,0.6264147,-156.77255,0.1846591970174243,0.5853006095062709,-148.09246847452107,0.22511451435655702,0.578419844584379,-159.3938291468358
142,0.25015708804130554,0.6894688010215759,54.931739807128906,176.5906524658203,-169.88944610779043,11.00513997776784,0.18194637089159665,0.7008949892997605,0.26585513,0.70770437,30.077583,0.25898192965733763,0.668968453315512,41.597954671403755,0.2774170699117127,0.6776760318959179,28.667367451345655
143,0.15559950470924377,0.5457684993743896,-146.65431213378906,158.4139404296875,160.58630105536224,171.59144103313008,0.19828843677220792,0.5903410149422115,0.20322222,0.5885216,-166.3058,0.2144778838737202,0.563467307237471,-156.57212192179895,0.25878818006587767,0.5661274800880167,-169.02318911789558
144,0.27293670177459717,0.6696521043777466,43.4454460144043,-169.90023803710938,177.98229880867228,-10.426260158197636,0.17806409094865272,0.700251069984983,0.27191114,0.6698743,14.986097,0.256050517846505,0.6681123870761215,21.907455090541994,0.2748274940982731,0.6756615832222518,8.94445237211852
145,0.1472385972738266,0.5334562659263611,-137.29539489746094,179.2591552734375,-167.33688650635276,-177.7631466645504,0.17370222182253506,0.5885809376253298,0.18647113,0.52709615,-160.57307,0.19066001785497877,0.5735253849987568,-144.7433927903939,0.23864019056934577,0.5714643531641493,-157.50493657530674
146,0.23395958542823792,0.7015436291694641,27.290477752685547,164.58587646484375,169.03083008172493,-8.732316582825433,0.15673571985509166,0.6990408044299053,0.15698783,0.62349427,9.728336,0.23662423708341332,0.6765173928834254,24.194567035184406,0.26080164968236524,0.681108941060356,12.733536895340961
147,0.17208589613437653,0.5070095062255859,-162.35617065429688,170.3533477783203,174.59913580504778,165.86681922222235,0.18402375023188158,0.5906682628815444,0.17075324,0.49582493,-174.83978,0.19926146428101538,0.567210009894767,-160.60322679363037,0.24712110203820653,0.5699662593300863,-172.12739904951297
148,0.22947250306606293,0.6901484727859497,17.398386001586914,179.7545623779297,176.93812261444683,-17.195058163330827,0.1509860200686497,0.6974285211669069,0.19277984,0.63620156,5.1036305,0.230722322669774,0.6751731552022582,16.32613693073049,0.2565065007461871,0.681220137717228,6.017277395287152
149,0.12409265339374542,0.5188969969749451,-148.3938751220703,-165.79226684570312,-175.4426817184618,167.36226011820736,0.17543651425993165,0.5883807440355141,0.1673918,0.51926696,-173.4006,0.1880157527999263,0.567108295779564,-157.74073603799505,0.2427517649462079,0.569799932189801,-171.49299344176313
150,0.23301300406455994,0.6836064457893372,33.47617721557617,-178.12994384765625,-174.53046922085994,-7.168209102652554,0.16149138393902984,0.6992625626706217,0.2259933,0.6615099,18.831692,0.23981330830574923,0.6665600478708106,27.460999737500053,0.26288045054592896,0.6763592658362407,13.676664579914302
151,0.40935221314430237,0.6457187533378601,102.12603759765625,68.64985656738281,67.94372955984501,60.77552045719246,0.25902173907806864,0.7538251339988573,0.36266002,0.6665258,87.655785,0.3548589667173843,0.6564907890545482,96.37655985109197,0.3711831488661652,0.6931242337514927,82.41842251422102
152,0.5123005509376526,0.7082765102386475,58.71455383300781,-43.4114990234375,0,60.77552045719246,0.35655209421710743,0.8083877053270929,0.47549742,0.6934113,82.2177,0.4684009389782615,0.6470715193622157,96.53066519855348,0.47923216830684634,0.7103128289007375,82.86533194046821
153,0.45049989223480225,0.5748578310012817,-155.14602661132812,146.13941955566406,104.69806916114015,165.4735896183326,0.3845832532353525,0.7002049965072927,0.44460434,0.5958204,-168.38992,0.4282332206001697,0.5446295744435373,-159.004526603134,0.46831090898118194,0.5991695959231189,-172.53431176326208
154,0.6003064513206482,0.6840797662734985,53.90471649169922,-150.94924926757812,-143.16829443039558,22.30529518793702,0.4269990411898271,0.8035981553510811,0.501714,0.6989286,45.72333,0.5320264401219608,0.6073508821627952,59.221261240861075,0.5423435415395766,0.6816370607593035,43.853515371924914
155,0.47006216645240784,0.5900019407272339,-125.84125518798828,-179.7459716796875,171.19970088148526,-166.49500393057772,0.4009008118810947,0.6949329502924027,0.49293783,0.5851527,-154.80705,0.4489860598363859,0.5372528461913912,-128.66208881777982,0.4816989682810977,0.5892912317901154,-143.43180257099226
156,0.7533577084541321,0.6620444655418396,75.73202514648438,-158.42672729492188,-169.37872461838975,24.126271451032494,0.4465806710413505,0.7969260619744913,0.5696997,0.69782627,30.826412,0.5720316016380372,0.5916080018261477,66.0495817471466,0.5556308161901504,0.6660256031052975,47.89481523982619
157,0.45016562938690186,0.6074983477592468,-100.19876098632812,-175.9307861328125,-176.26552967761376,-152.13925822658126,0.3943547248808252,0.6981247719468113,0.46585536,0.59571195,-130.62486,0.4672636525741398,0.5544384376490148,-109.40866525475874,0.47599483518717933,0.5911911350967297,-129.88416338519656
158,0.5844095349311829,0.6745543479919434,63.45746994018555,163.65623474121094,-179.17632725567535,28.68441451774339,0.4479955733280186,0.7961650888647052,0.49826273,0.69763225,46.02116,0.5708091123338933,0.5935542523976208,70.24669254254961,0.5557956183183714,0.6660423243443102,49.39525257821268
159,0.48373910784721375,0.5650210380554199,-137.4143524169922,159.128173828125,157.98951218964123,-173.32607329261538,0.4350075114528524,0.6851670951340855,0.4578238,0.59099996,-164.81976,0.48792160089511233,0.5200352882978363,-131.11440587972996,0.5037999175190191,0.5669279863663135,-151.59845821098133
160,0.5825414657592773,0.6938738822937012,37.480430603027344,174.894775390625,-178.9853522746569,7.688574432727705,0.4499590912765252,0.7959176916303219,0.50093466,0.68636215,23.874191,0.5720296729771547,0.5959579185663266,48.981987225422046,0.5550548350438633,0.6649645412335614,28.05495620269059
161,0.4765203297138214,0.569415807723999,-139.57357788085938,-177.05401611328125,174.30676774459977,-178.00465782267253,0.44606796752759625,0.6842301653820145,0.46979085,0.6050546,-172.93933,0.49507367972854516,0.5155423380468017,-135.81813337377693,0.5119431357528738,0.5606381897342815,-156.5793976623261
162,0.5752174258232117,0.6882262229919434,39.71677780151367,179.2903594970703,-170.9671321978137,11.028209979513804,0.4674458917086739,0.7939216815589911,0.50298226,0.7069849,25.938498,0.5810914212526399,0.5866396142992132,51.63093553075484,0.5677988331099828,0.6575074705947326,31.56352673206058
163,0.5255035161972046,0.5458463430404663,-160.7526397705078,159.53057861328125,169.6180835936042,-179.35370642688198,0.46618532429392595,0.6821735033488355,0.4770343,0.5802036,-173.23552,0.5085620539877759,0.5039683469845185,-138.509214319526,0.5276406822898807,0.5520149851314287,-158.93346623884398
164,0.7041023373603821,0.6859647631645203,51.88429641723633,-147.36306762695312,170.0715753746711,-9.282131052210843,0.4481596388457154,0.7924654750766906,0.46413496,0.71908087,17.750576,0.577464150317524,0.6032884152707418,33.803960746635994,0.551345789916083,0.6613205699246453,12.372949243199628
165,0.5235061049461365,0.5479864478111267,-127.38038635253906,-179.26467895507812,-162.94561720647897,-172.22774825868981,0.43304632992024217,0.6817368326357258,0.4043703,0.60313565,-134.30676,0.4925000643851371,0.533816008996162,-129.60193009262153,0.5008457255249386,0.562283279139519,-150.8135056100465
166,0.5249444842338562,0.7118725180625916,0.502855122089386,127.88323974609375,138.46026828995443,-33.767479968735415,0.3709300728389407,0.774639012210295,0.4317247,0.73492813,-2.5705214,0.5107333078202847,0.6474266954949587,9.438812389661264,0.4753233353894811,0.6709882444585751,-11.553615716191757
167,0.49100783467292786,0.5500615239143372,-168.155029296875,-168.6578826904297,171.23177233606623,137.4642923673308,0.4464821859360403,0.6922914404788899,0.442521,0.60641104,168.34325,0.5086919761777816,0.53578839222746,-178.878629060197,0.5167680651319971,0.5649159741665541,160.1998231882274
168,0.5433166027069092,0.7246249914169312,16.68109130859375,-175.16387939453125,-158.69131109317567,-21.227018725844857,0.40601959907622975,0.7964644860718268,0.4796741,0.7181004,1.6905333,0.5511404635580458,0.6423221604261045,22.27334218317572,0.5127719927033232,0.6769734908998474,0.024142435261751416
169,0.5296217203140259,0.5566046237945557,-175.34027099609375,167.9786376953125,166.28452954713012,145.05751082128526,0.47002787839523663,0.7048556189130424,0.4738521,0.6037678,167.46349,0.5344124589189646,0.532711855458499,-171.36083734943665,0.5417618290172918,0.5676671627468703,167.46926250014113
170,0.5569056272506714,0.46192795038223267,163.92408752441406,-20.73565673828125,0,145.05751082128526,0.5340361577142435,0.6132467517542579,0.535273,0.47573256,169.96783,0.5190307445070211,0.42971734124700234,-173.43011955812224,0.5721993649557121,0.45947505184632925,167.8965848664731
171,0.5880005955696106,0.29281580448150635,169.58128356933594,5.657196044921875,22.244306093618206,167.30181691490347,0.558601676367566,0.5042248289277498,0.5534661,0.35633188,-172.7306,0.47119037639891714,0.33821629404401315,-153.19064879411334,0.5529064295894088,0.35085588937262313,-169.70948951883068
172,0.39890092611312866,0.4107850193977356,-58.042152404785156,132.37655639648438,99.5555161046471,-93.14266698044946,0.44701445482155966,0.4980981372317087,0.4533128,0.397259,-68.32747,0.3818226100494133,0.40474602920237696,-53.55487920552653,0.44969051632758905,0.3856447166194631,-69.38890925532127
173,0.3220716714859009,0.29286277294158936,-146.9147491455078,-88.87258911132812,-64.11404777530129,-157.25671475575075,0.403809538456969,0.3950322380922525,0.3627689,0.30837506,-135.47801,0.28732593697504155,0.3529647079487282,-118.76039447270917,0.3709400462086301,0.30625000838697186,-134.3460895617202
174,0.1811346858739853,0.30673232674598694,-84.37964630126953,62.53510284423828,54.11937224167046,-103.13734251408027,0.2949791054722639,0.3696318203819578,0.23382348,0.32002133,-81.47616,0.1883129942556914,0.39698235647508007,-65.56238778330896,0.2619356214739539,0.32122733729684305,-79.5707546097268
175,0.26068544387817383,0.3884172737598419,44.24164962768555,128.6212921142578,88.16612243658241,-14.971220077497833,0.2661089346450606,0.47759365437853235,0.2554104,0.42358673,8.915588,0.22472997370511177,0.49508788270758813,24.916589125233298,0.2736876015345428,0.4343173891570684,8.949955229692677
176,0.10135076940059662,0.4762534201145172,-61.13344192504883,-105.37509155273438,-58.344768733142416,-73.31598881064025,0.15905824852275227,0.5096778399570827,0.15882874,0.49271643,-45.808033,0.16644949634362774,0.5778835144779034,-35.893782391801665,0.18980307459517282,0.5027607847027044,-48.942032665922966
177,0.25591355562210083,0.5108684301376343,77.37664794921875,138.5100860595703,95.76150665563219,22.44551784499194,0.20172694814229392,0.6129668831140079,0.24349076,0.5696825,45.227314,0.2603541043494854,0.6296364758640901,60.971371272965406,0.26914121728108686,0.5800366742092682,47.1573404002165
178,0.07495627552270889,0.6604036688804626,-50.43115234375,-127.80780029296875,-103.25618691125533,-80.81066906626336,0.09140592547398131,0.6308139086620784,0.13997069,0.6327771,-53.47422,0.18064974372922613,0.7059973919428978,-43.34382235999739,0.17609040969000106,0.636363165418059,-56.78083911895516
179,0.246399387717247,0.5631147027015686,119.57364654541016,170.00479125976562,157.25053783582544,76.43986876956208,0.2000459661569114,0.657016693321483,0.25184152,0.6134081,100.86781,0.2805005134287298,0.6561649344564386,114.51947461175965,0.2832291802022899,0.6191289268015268,100.10183553239007
180,0.11059343814849854,0.6872105002403259,-47.57977294921875,-167.15341186523438,-156.58986154877329,-80.14999277921117,0.0899380668092109,0.6761346133111809,0.16587086,0.65936875,-53.39757,0.20261401655545688,0.7316958570014526,-43.68949066408221,0.1902588474111818,0.6752822818871653,-57.497934571207
181,0.24207866191864014,0.57485431432724,130.514404296875,178.09417724609375,173.08427338134348,92.9342806021323,0.20154683322218261,0.6704138071380488,0.25966522,0.61616236,116.2045,0.28680889065296333,0.6568273656126368,130.1729605263729,0.2869193320470429,0.6280091946651546,117.49479188638938
182,0.36558014154434204,0.6875811219215393,47.61152267456055,-82.90289306640625,-49.566593798057795,43.36768680407451,0.27828668987699656,0.7516556606625372,0.369451,0.6680252,69.250755,0.3940500038755725,0.6748643460418322,79.9005923535462,0.38875108936090674,0.6742179756784004,67.58690223902686
183,0.45156562328338623,0.592739462852478,137.8038787841797,90.19235229492188,63.213146192889894,106.5808329969644,0.385394979566859,0.7197643037894228,0.45507008,0.6010489,128.78412,0.4603989505317587,0.5859238723396789,143.05234732899598,0.47466744823286344,0.6031965428267284,131.42492729630857
184,0.5673603415489197,0.6669974327087402,57.3283576965332,-80.47552490234375,-66.50632595049785,40.07450704646655,0.45734115918889723,0.8052803350425699,0.5581594,0.668597,63.006676,0.5655023872434021,0.6145946557143587,75.62973430006151,0.5736748172977437,0.6526733817800985,64.96123531903524
185,0.5459705591201782,0.5375080108642578,-170.62026977539062,132.05137634277344,127.08979866309934,167.1643057095659,0.4821682619950636,0.6963176839654789,0.52676713,0.55236626,-171.45372,0.5232450511518667,0.5131109735177394,-157.50602615403554,0.5519816736800336,0.5429408828612033,-166.77684053572685
186,0.50998455286026,0.4199941158294678,-162.97396850585938,7.64630126953125,0,167.1643057095659,0.5069953648012299,0.5873550328883879,0.513775,0.43151546,-168.47078,0.4815400936660198,0.4116547499671536,-157.97761511788806,0.5299760258650089,0.43448343233343534,-167.27676762475843
187,0.6520252227783203,0.24369597434997559,141.14215087890625,-55.883880615234375,-28.92157280737223,138.24273290219367,0.5814217364225112,0.5039886153643827,0.5760553,0.30672246,162.78069,0.5063125661970946,0.2919693158603427,174.11817106607603,0.5699433384756822,0.32383778512881756,164.05417911160237
188,0.46204474568367004,0.4226648509502411,-46.709529876708984,172.1483154296875,149.65341684523386,-72.10385025257244,0.4750737219159238,0.5383301961958255,0.51008105,0.38157058,-44.30173,0.4412657284875695,0.384071220357717,-35.995447838837975,0.48983002492668465,0.39966790466079855,-45.76092048947481
189,0.5379582047462463,0.27294594049453735,153.11317443847656,-160.1772918701172,-162.53381052220973,125.36233922521782,0.5662110960893796,0.4736523530633946,0.5503665,0.2768298,151.11073,0.47976195172121233,0.27897818529329355,160.93985115325086,0.545721299745408,0.3061780604502088,149.43047105323353
190,0.41494908928871155,0.28774550557136536,-83.13956451416016,123.74725341796875,119.28226957492916,-115.35539119985302,0.46522130963424896,0.4257951969084062,0.44730535,0.27783087,-87.03157,0.3724599644566415,0.2982531943691352,-79.96791256373386,0.4380747082638877,0.3007945979100951,-90.21934353468896
191,0.3184986710548401,0.22176501154899597,-124.37552642822266,-41.2359619140625,0,-115.35539119985302,0.36423152317911833,0.37793804075341786,0.330806,0.2572437,-91.30761,0.2716560412507138,0.31531374343217433,-82.07529144190798,0.3253932184438365,0.2968574668833232,-90.48514625560131
192,0.25257956981658936,0.3725042939186096,-23.620018005371094,100.75550842285156,63.62275503797013,-51.73263616188291,0.2764891750936344,0.4471516573034986,0.26417404,0.367819,-28.60255,0.23803513026837034,0.4182428889154464,-18.666538356862112,0.2714375640608372,0.3950689891726724,-24.25297996598863
193,0.15409065783023834,0.23548229038715363,-144.29209899902344,-120.67208862304688,-125.77379091157988,-177.5064270734628,0.27162700199392675,0.3355021896099878,0.20694534,0.255468,-156.81143,0.1698296101285635,0.3208835954662764,-143.81496329889598,0.22013482305186957,0.2973907364696605,-151.4788636397384
194,0.2579246163368225,0.3133661448955536,53.127140045166016,-162.5807647705078,-172.7863447152359,9.707228211301299,0.29047047800632586,0.44565738819482975,0.26024732,0.33762467,32.359608,0.2440510366646118,0.3969767253312171,45.304466513619616,0.281828447664641,0.3902589194600837,36.31272243046479
195,0.1697855144739151,0.43103453516960144,-36.83491897583008,-89.96206665039062,-63.397726073608226,-53.69049786230693,0.2004147043837871,0.5118329274879997,0.18104127,0.43901634,-28.2752,0.21133534241990193,0.4956898945642488,-20.253972455191896,0.2270934540529055,0.486613269674283,-27.71877157756785
196,0.266225665807724,0.5302902460098267,44.175716400146484,81.01063537597656,46.41015136882874,-7.280346493478191,0.18625258670849337,0.6226872408296418,0.23298654,0.5604642,17.393574,0.26100731888502765,0.5923156028492689,26.292419002018246,0.2574394082424873,0.5952721763819083,17.12553477784843
197,0.10310647636651993,0.623055100440979,-60.37338638305664,-104.54910278320312,-79.17982647992267,-86.46017297340086,0.07471051434603557,0.6295872739153635,0.13373275,0.62009776,-59.530834,0.17026427197224953,0.6546017047491999,-53.855957329368245,0.15994964107003865,0.6440746979289289,-61.89697940462827
198,0.20058868825435638,0.6257352232933044,88.42514038085938,148.79852294921875,150.98465501229322,64.52448203889236,0.1755997412384751,0.6776560606749821,0.22624463,0.6341788,87.692604,0.27671776507268636,0.6435519700535498,98.376725889435,0.26752588119473936,0.6488329679489365,89.96250728058273
199,0.38450971245765686,0.6276459693908691,89.40476989746094,0.9796295166015625,0,64.52448203889236,0.2764889681309146,0.7257248474346006,0.35088122,0.6440977,89.8302,0.3870952762935485,0.6272713432226851,98.35744539489582,0.379547092038015,0.6523460296494866,90.03768602459454
200,0.5364861488342285,0.6400917172431946,85.31834411621094,-4.08642578125,0,64.52448203889236,0.3773781950233541,0.7737936341942192,0.48309717,0.6513525,89.391495,0.5010014922363358,0.6132959819846356,98.77220092406493,0.4875433217919063,0.6561712181077493,89.90684013350854
201,0.4723615348339081,0.5227577686309814,-151.34278869628906,123.3388671875,94.43600653288874,158.9604885717811,0.4174996470511537,0.6694887280264037,0.472478,0.53450537,-174.91954,0.4754639511390026,0.5055594308485241,-166.68735254559,0.48398479123849447,0.5439993885677818,-176.07736603447162
202,0.5917324423789978,0.4204634130001068,130.5947723388672,-78.06243896484375,-44.21520386606113,114.74528470571997,0.5189932989967083,0.6227096410510207,0.5509884,0.45164263,140.39355,0.5360015597174532,0.40995452308745206,149.02647679522508,0.560257458632342,0.46006237603403843,139.84840254084693
203,0.5003091096878052,0.3226843476295471,-136.92396545410156,92.48126220703125,71.33497018538287,-173.91974510889716,0.5071560225488355,0.5115830319522433,0.4979968,0.35890728,-144.70338,0.4652025104304917,0.3253463883318881,-140.03155213445766,0.5024314187712439,0.3637994656864803,-148.57392473858755
204,0.34172213077545166,0.3281989097595215,-88.0084457397461,48.91551971435547,40.10254045553519,-133.81720465336196,0.4265187308213038,0.43420815523928963,0.39467734,0.32508218,-108.68962,0.35414369458357076,0.30710652321274967,-99.76215953769176,0.4012278640319316,0.3236828933350606,-108.64163220541468
205,0.2568536698818207,0.25222039222717285,-131.8365020751953,-43.82806396484375,0,-133.81720465336196,0.3458814390937721,0.35683327852633595,0.28488764,0.28421196,-108.88139,0.24570977426480584,0.2869231375675936,-100.12444708365017,0.29940902731385105,0.2837532165602917,-108.3392725292307
206,0.3147200047969818,0.33614107966423035,34.5876579284668,166.42416381835938,123.3986917921552,-10.41851286120675,0.325671955035541,0.46674606721626016,0.3100272,0.38089377,16.843765,0.2898544472527446,0.38575800520062364,24.482344781575243,0.32453950822491173,0.3920476256579617,16.045954211884577
207,0.21976961195468903,0.44717976450920105,-40.53411102294922,-75.12176513671875,-56.107987354867646,-66.5265002160744,0.22316504261964312,0.5112609778693803,0.2347407,0.46923524,-36.312225,0.23223570902521354,0.4784753674239161,-32.35879910057342,0.249415543613101,0.4753543398251446,-40.05352201843243
208,0.2295684516429901,0.5248008370399475,7.194927215576172,47.72903823852539,34.7302118329116,-31.79628838316279,0.16428109892908122,0.6062447951170702,0.23026001,0.5798679,-3.735484,0.23866366046537568,0.5838105045596502,1.2785059700229848,0.23452048421220445,0.5862521997181641,-5.389919763459034
209,0.11113573610782623,0.6965710520744324,-34.58562088012695,-41.780548095703125,-23.029774375674037,-54.82606275883683,0.07293154190579909,0.6706226080276215,0.15954846,0.67401314,-29.08053,0.1926513733411528,0.689185204666132,-21.7367649181467,0.17958713142800126,0.6807189871703421,-25.29409047827744
210,0.20232802629470825,0.5343610644340515,150.6558837890625,-174.7584991455078,163.96087628827183,109.13481352943501,0.17851234079016257,0.6339901187532708,0.23080117,0.5913214,137.4655,0.2584497179101189,0.5987782799684435,143.12874111984897,0.25589668782106056,0.5989346223793309,139.01522476364977
211,0.12905903160572052,0.7785985469818115,-16.698760986328125,-167.35464477539062,-150.87033681006372,-41.73552328062874,0.10411761218323996,0.7173847751708025,0.2193344,0.67109805,-14.388429,0.23669855391836012,0.7171444985672073,-7.193313505771379,0.2281394008138572,0.7060385477803455,-12.981224315864779
212,0.16042491793632507,0.5586758852005005,171.88307189941406,-171.4181671142578,171.72344938538183,129.9879261047531,0.1897422652484628,0.6455679028429431,0.23144758,0.5877278,153.39648,0.2620643622583062,0.6087040395734529,166.04822732645158,0.270315507132236,0.6029742501758883,159.83329005462645
213,0.2862204313278198,0.7497413754463196,33.3604850769043,-138.5225830078125,-138.59640215051922,-8.60847604576611,0.17301455345757308,0.7560641834216881,0.30872816,0.68487495,15.782377,0.31183454558959184,0.710256304041782,27.189242898073473,0.30286625869216394,0.7092993185348584,19.496357426812494
214,0.1843923181295395,0.5857352018356323,-148.1646728515625,178.47483825683594,-179.96345076257023,171.42807319166366,0.18967177577162764,0.6455572546421949,0.27098155,0.58881485,-171.80429,0.25750206340048964,0.6101888158318444,-151.93826905847394,0.2727045755001568,0.602112984289175,-163.59646644600883
215,0.3518194854259491,0.6244258880615234,76.98795318603516,-134.84738159179688,-127.6909147944074,43.73715839725625,0.26693392101139335,0.7263025658153224,0.36947376,0.6387475,76.67204,0.36682508615226017,0.6286120288578457,80.24521992646709,0.3741136430152,0.6473018318106546,67.11994091037445
216,0.5154110789299011,0.6759366989135742,72.52210998535156,-4.465850830078125,0,43.73715839725625,0.34419606625115906,0.8070478769884498,0.47766003,0.67043847,72.23483,0.4803253717358827,0.649516882355945,80.79569085360191,0.47520467759802876,0.692918426461965,67.32243407141424
217,0.49041783809661865,0.5550764203071594,-168.3162384033203,119.16165161132812,104.15396208931963,147.8911204865759,0.40359733846093515,0.7123867274953452,0.48403302,0.5451434,179.67319,0.47085006120517586,0.5392249841546747,-175.30265817213225,0.4949892763129756,0.5826208637504654,172.19404728276
218,0.5341454148292542,0.4825805127620697,148.9027557373047,-42.781005859375,-21.748640307894334,126.14248017868155,0.49384563637337925,0.6464739890648827,0.5281442,0.45579702,156.99727,0.5005315424161726,0.43840619538514386,161.44950190986623,0.5543320716768301,0.48878182115616825,149.69651652195427
219,0.6046552062034607,0.3170241415500641,156.9310302734375,8.028274536132812,29.9681804768488,156.11066065553035,0.5391033396254785,0.544292852548201,0.56017095,0.34626567,-177.6041,0.48400525997589744,0.3281224654056289,-169.04078447203818,0.55725546134075,0.3788920663619054,-179.72030921194832
220,0.40474733710289,0.3676028251647949,-75.80155181884766,127.26742553710938,88.820284188703,-115.06905515576665,0.4378756488166576,0.496940989047283,0.45522818,0.3552156,-87.99216,0.3751334416649015,0.34719060367446825,-79.87983968502647,0.4500690938433976,0.37138897782532615,-90.25645590099248
221,0.5775449872016907,0.3029803931713104,110.5046615600586,-173.69378662109375,-163.02924300758593,81.90170183664742,0.5485164953305354,0.5126841604618476,0.53584427,0.3283436,107.089165,0.47972450809788675,0.2950398519254936,117.19532529781783,0.555673002309368,0.34866830424818557,104.20560964201975
222,0.4394433796405792,0.303589791059494,-89.7471694946289,159.7481689453125,157.0587274408248,-121.03957072252777,0.452763291723551,0.45505978747180786,0.45277894,0.31809267,-95.10476,0.3716335396678644,0.3022229755931387,-85.61784665129649,0.4492829735005983,0.3298153428980659,-96.97299556577582
223,0.3116804361343384,0.27117839455604553,-104.2347183227539,-14.487548828125,0,-121.03957072252777,0.35701008811656665,0.3974354144817681,0.3363602,0.2909432,-94.926636,0.26609875642160646,0.3104674996425479,-86.9489340966712,0.3388833075965344,0.3125838330549842,-97.27370733669437
224,0.14295236766338348,0.2693447172641754,-90.62264251708984,13.612075805664062,22.443117763152884,-98.59645295937491,0.24651029978671468,0.3807308898685461,0.21580708,0.32187617,-71.684135,0.16718338389657422,0.35403918311964605,-65.2360818129676,0.23137348093398763,0.3370683790174687,-73.86591248506465
225,0.25884366035461426,0.34669387340545654,56.27972412109375,146.90237426757812,100.12791750001246,1.5314645406375433,0.24949706222040857,0.4924462586127816,0.2569343,0.4076175,28.69142,0.22980260782221582,0.4405257569489051,36.68067722980888,0.2759657686842852,0.43984081621239907,25.236222810224206
